#MaritoDeLaGente;7:9;13/11/2019;RT @RadioZP12Pilar: .@senadispy inici√≥ registro para el acceso al billetaje electr√≥nico de personas con discapacidad.https://t.co/UwVjVlJ9‚Ä¶
5d√≠as;11:1;13/11/2019;üí≥ ùó¶ùó¢ùóñùóúùóòùóóùóîùóó |Se inici√≥ el registro de solicitudes para la tarjeta del perfil Personas con Discapacidad Visual, den‚Ä¶ https://t.co/K3joHBgqih
Adriana G√≥mez üåå;19:5;12/11/2019;RT @javierpanza: Ley de pasaje gratuito para personas ciegas y un acompa√±ante est√° vigente. Hoy, reciben su tarjeta para el billetaje elect‚Ä¶
Agencia IP;15:49;12/11/2019;Senadis inici√≥ registro para el acceso al billetaje electr√≥nico de personas con discapacidad visual.‚Ä¶ https://t.co/n6gGJ4XISx
alejanvillalba;13:0;12/11/2019;Hoy viaje en la puerta trasera del colectivo.Pero eyyy! pague con billetaje electr√≥nico #cyberpunkpy
Alfredo Merino;14:32;12/11/2019;RT @PedroDBritos: Hoy es un d√≠a muy especial para el Sistema de Billetaje Electr√≥nico! Iniciamos el censo a los Discapacitados no videntes‚Ä¶
Ana Mar√≠a Rojas;15:21;12/11/2019;RT @javierpanza: Ley de pasaje gratuito para personas ciegas y un acompa√±ante est√° vigente. Hoy, reciben su tarjeta para el billetaje elect‚Ä¶
Angelo;19:9;12/11/2019;RT @javierpanza: Ley de pasaje gratuito para personas ciegas y un acompa√±ante est√° vigente. Hoy, reciben su tarjeta para el billetaje elect‚Ä¶
Araceyi;23:34;12/11/2019;RT @PedroDBritos: Hoy es un d√≠a muy especial para el Sistema de Billetaje Electr√≥nico! Iniciamos el censo a los Discapacitados no videntes‚Ä¶
Bertha Becerra;18:56;12/11/2019;RT @closetojulio: SE ME ROBO MI DINERO pero por suerte tengo el billetaje electr√≥nico para el bus ü§´https://t.co/5V3ubP3JrQ
Carlos Federico Vera;16:49;12/11/2019;RT @senadispy: 60 personas se registraron en primer d√≠a de apertura de solicitudes para Billetaje Electr√≥nico para personas con discapacida‚Ä¶
CNM MERCOSUL;11:50;12/11/2019;RT @PedroDBritos: Hoy es un d√≠a muy especial para el Sistema de Billetaje Electr√≥nico! Iniciamos el censo a los Discapacitados no videntes‚Ä¶
Desarrollador;13:20;13/11/2019;No me trae los 100 probando billetaje electronico
Desarrollador;13:20;13/11/2019;hola que tal billetaje electronico
Desarrollador;13:20;13/11/2019;Hola papus billetaje electronico
Desarrollador;13:23;13/11/2019;prueba numero 23456789 billetaje electronico
Diario Cr√≥nica Py;11:41;13/11/2019;Se realiz√≥ la presentaci√≥n y entrega de las tarjetas del billetaje electr√≥nico a las personas con discapacidad visu‚Ä¶ https://t.co/nboaOP1gwN
Economia Virtual;9:30;13/11/2019;60 personas se registraron en primer d√≠a de apertura de solicitudes para Billetaje Electr√≥nico https://t.co/3fkfNXrxGc v√≠a @economiaVPy
Enzo;13:20;13/11/2019;billetaje electr√≥nico
Enzo;13:46;13/11/2019;@Kaipire estoy usando la api de twitter para probar algo por eso tuiteo sobre eso jajaj billetaje electr√≥nico jaja salu2
Enzo;13:21;13/11/2019;RT @Desarrollador18: No me trae los 100 probando billetaje electronico
Enzo;13:22;13/11/2019;usan pio el billetaje electr√≥nico?
Ever Rodriguez;22:1;12/11/2019;RT @javierpanza: Ley de pasaje gratuito para personas ciegas y un acompa√±ante est√° vigente. Hoy, reciben su tarjeta para el billetaje elect‚Ä¶
Fabiola Gonz√°lez O. üíö;10:40;13/11/2019;RT @TelefuturoInfo: Billetaje electr√≥nico para no videntes https://t.co/lHdpd9UhS8 #TelefuturoPy
Fernando Brahim;14:19;12/11/2019;RT @PedroDBritos: Hoy es un d√≠a muy especial para el Sistema de Billetaje Electr√≥nico! Iniciamos el censo a los Discapacitados no videntes‚Ä¶
Fernando Brahim;15:44;12/11/2019;RT @IPParaguay: Billetaje Electr√≥nico disponible desde hoy para personas con discapacidad visualhttps://t.co/K6TebNZFbG https://t.co/cokL‚Ä¶
Fidel Oviedo;13:16;12/11/2019;RT @PedroDBritos: Hoy es un d√≠a muy especial para el Sistema de Billetaje Electr√≥nico! Iniciamos el censo a los Discapacitados no videntes‚Ä¶
Fidel Oviedo;17:30;12/11/2019;RT @IPParaguay: Billetaje Electr√≥nico disponible desde hoy para personas con discapacidad visualhttps://t.co/K6TebNZFbG https://t.co/cokL‚Ä¶
FSP;13:27;12/11/2019;RT @Universo970py: #M√≥vil970 @crismarpy | Realizan una recopilaci√≥n de datos para la entrega de las tarjetas del billetaje electr√≥nico a pe‚Ä¶
Gabriel Ruiz D√≠az;18:32;12/11/2019;RT @PedroDBritos: Hoy es un d√≠a muy especial para el Sistema de Billetaje Electr√≥nico! Iniciamos el censo a los Discapacitados no videntes‚Ä¶
Gladys Gulino;13:23;12/11/2019;RT @PedroDBritos: Hoy es un d√≠a muy especial para el Sistema de Billetaje Electr√≥nico! Iniciamos el censo a los Discapacitados no videntes‚Ä¶
glo;18:57;12/11/2019;RT @PedroDBritos: Hoy es un d√≠a muy especial para el Sistema de Billetaje Electr√≥nico! Iniciamos el censo a los Discapacitados no videntes‚Ä¶
Graciela Arce;13:51;12/11/2019;RT @javierpanza: Ley de pasaje gratuito para personas ciegas y un acompa√±ante est√° vigente. Hoy, reciben su tarjeta para el billetaje elect‚Ä¶
graciela trinidad;6:47;13/11/2019;RT @IPParaguay: Billetaje Electr√≥nico disponible desde hoy para personas con discapacidad visualhttps://t.co/K6TebNZFbG https://t.co/cokL‚Ä¶
HECTOR LUIS RUBIN;11:35;12/11/2019;RT @PedroDBritos: Hoy es un d√≠a muy especial para el Sistema de Billetaje Electr√≥nico! Iniciamos el censo a los Discapacitados no videntes‚Ä¶
Hugo Casco;18:42;12/11/2019;RT @javierpanza: Ley de pasaje gratuito para personas ciegas y un acompa√±ante est√° vigente. Hoy, reciben su tarjeta para el billetaje elect‚Ä¶
Javier Villalba;18:24;12/11/2019;RT @IPParaguay: Billetaje Electr√≥nico disponible desde hoy para personas con discapacidad visualhttps://t.co/K6TebNZFbG https://t.co/cokL‚Ä¶
jm_fpuna;13:23;13/11/2019;Billetaje Electr√≥nico
Jose Tomas Rivarola;11:39;12/11/2019;RT @PedroDBritos: Hoy es un d√≠a muy especial para el Sistema de Billetaje Electr√≥nico! Iniciamos el censo a los Discapacitados no videntes‚Ä¶
La Uni√≥n 800AM;7:56;13/11/2019;"A muchos no le interesa la transparencia, se ha invertido bastante en el billetaje electr√≥nico" C√©sar Ruiz D√≠az, t‚Ä¶ https://t.co/TaUYzFLQQi
MagnoLinea12;11:38;12/11/2019;RT @PedroDBritos: Hoy es un d√≠a muy especial para el Sistema de Billetaje Electr√≥nico! Iniciamos el censo a los Discapacitados no videntes‚Ä¶
manu ‚ú™ ‚ì°‚ì•;21:19;12/11/2019;RT @PedroDBritos: Hoy es un d√≠a muy especial para el Sistema de Billetaje Electr√≥nico! Iniciamos el censo a los Discapacitados no videntes‚Ä¶
Marcelo Centeno;13:12;12/11/2019;RT @PedroDBritos: Hoy es un d√≠a muy especial para el Sistema de Billetaje Electr√≥nico! Iniciamos el censo a los Discapacitados no videntes‚Ä¶
Mar√≠a Paz Brun;9:27;13/11/2019;RT @TelefuturoInfo: Billetaje electr√≥nico para no videntes. Desde este mes rige pasaje gratuito. #DiaADiaPy en vivo https://t.co/trMHT6h5x‚Ä¶
Meh üåàüêç;13:25;12/11/2019;Demasiado quiero entender que tiene que ver el terer√© con usar el billetaje electr√≥nico. https://t.co/wnyRgmEf6w
Micaela Mendoza;13:34;12/11/2019;RT @PedroDBritos: Hoy es un d√≠a muy especial para el Sistema de Billetaje Electr√≥nico! Iniciamos el censo a los Discapacitados no videntes‚Ä¶
Norma A. Parra;15:3;12/11/2019;RT @javierpanza: Ley de pasaje gratuito para personas ciegas y un acompa√±ante est√° vigente. Hoy, reciben su tarjeta para el billetaje elect‚Ä¶
NoticiasPy.com;12:11;12/11/2019;Billetaje Electr√≥nico disponible desde hoy para personas con discapacidad¬†visual https://t.co/AOYPAqxWTZ https://t.co/hc2LlWFvy5
NoticiasPy.com;12:23;12/11/2019;https://t.co/PCX4lTXhnV
Pablo Amarilla;14:43;12/11/2019;RT @PedroDBritos: Hoy es un d√≠a muy especial para el Sistema de Billetaje Electr√≥nico! Iniciamos el censo a los Discapacitados no videntes‚Ä¶
Paco Parra;17:14;12/11/2019;RT @javierpanza: Ley de pasaje gratuito para personas ciegas y un acompa√±ante est√° vigente. Hoy, reciben su tarjeta para el billetaje elect‚Ä¶
Pato;12:32;12/11/2019;RT @javierpanza: Ley de pasaje gratuito para personas ciegas y un acompa√±ante est√° vigente. Hoy, reciben su tarjeta para el billetaje elect‚Ä¶
Pedro David Britos;15:28;12/11/2019;RT @IPParaguay: Billetaje Electr√≥nico disponible desde hoy para personas con discapacidad visualhttps://t.co/K6TebNZFbG https://t.co/cokL‚Ä¶
Pedro David Britos;11:42;13/11/2019;RT @diariocronicapy: Se realiz√≥ la presentaci√≥n y entrega de las tarjetas del billetaje electr√≥nico a las personas con discapacidad visual.‚Ä¶
QUE TE IMPORTA;11:43;13/11/2019;RT @diariocronicapy: Se realiz√≥ la presentaci√≥n y entrega de las tarjetas del billetaje electr√≥nico a las personas con discapacidad visual.‚Ä¶
Radio Carlos A.L√≥pez;22:0;12/11/2019;.@senadispy inici√≥ registro para el acceso al billetaje electr√≥nico de personas con discapacidad.‚Ä¶ https://t.co/shV8WLTwbT
Radio Chaco Boreal;19:37;12/11/2019;#Senadis Unas 60 personas se registraron en primer d√≠a de apertura de solicitudes para Billetaje Electr√≥nico para p‚Ä¶ https://t.co/Loeh1VQhYG
Radio Nacional FM;11:43;12/11/2019;@senadispy lanz√≥  hoy #BilletajeElectr√≥nico para personas con discapacidad visual, que est√°  disponible desde hoy c‚Ä¶ https://t.co/jO7uv978Yg
ramon;13:24;13/11/2019;billetaje electr√≥nico 11
ramon;13:23;13/11/2019;billetaje electr√≥nico 6
ramon;13:24;13/11/2019;billetaje electr√≥nico 7
ramon;13:24;13/11/2019;billetaje electr√≥nico 8
ramon;13:23;13/11/2019;billetaje electr√≥nico 4
ramon;13:23;13/11/2019;billetaje electr√≥nico 5
ramon;13:21;13/11/2019;billetaje electr√≥nico
ramon;13:22;13/11/2019;billetaje electronico 2
ramon;13:24;13/11/2019;billetaje electr√≥nico 10
ramon;13:24;13/11/2019;billetaje electr√≥nico 12
ramon;13:23;13/11/2019;billetaje electr√≥nico 3
ramon;13:24;13/11/2019;billetaje electr√≥nico 9
RDN;14:45;12/11/2019;La Senadis ya se encuentra entregando las tarjetas del billetaje electr√≥nico a personas con discapacidad visual. Co‚Ä¶ https://t.co/7ZfSDxZKy9
Renato Zuccolillo;12:14;12/11/2019;RT @PedroDBritos: Hoy es un d√≠a muy especial para el Sistema de Billetaje Electr√≥nico! Iniciamos el censo a los Discapacitados no videntes‚Ä¶
Ricardo Daniel;14:40;12/11/2019;RT @PedroDBritos: Hoy es un d√≠a muy especial para el Sistema de Billetaje Electr√≥nico! Iniciamos el censo a los Discapacitados no videntes‚Ä¶
Ricardo Torreani;22:22;12/11/2019;RT @LaNacionPy: Hoy se realiza la presentaci√≥n y entrega del Billetaje Electr√≥nico a las personas con discapacidad visual en la sede centra‚Ä¶
Robert Mareco;11:55;12/11/2019;RT @PedroDBritos: Hoy es un d√≠a muy especial para el Sistema de Billetaje Electr√≥nico! Iniciamos el censo a los Discapacitados no videntes‚Ä¶
Roc√≠o La_Negra;15:24;12/11/2019;RT @PedroDBritos: Hoy es un d√≠a muy especial para el Sistema de Billetaje Electr√≥nico! Iniciamos el censo a los Discapacitados no videntes‚Ä¶
Rossana Hermoza Cardozo;13:25;12/11/2019;RT @javierpanza: Ley de pasaje gratuito para personas ciegas y un acompa√±ante est√° vigente. Hoy, reciben su tarjeta para el billetaje elect‚Ä¶
Senadis Paraguay;14:38;12/11/2019;60 personas se registraron en primer d√≠a de apertura de solicitudes para Billetaje Electr√≥nico para personas con di‚Ä¶ https://t.co/N9AmTn7tVM
Senadis Paraguay;14:38;12/11/2019;tarjetas del nuevo sistema de Billetaje Electr√≥nico.En la apertura oficial estuvieron presentes el Viceministro de‚Ä¶ https://t.co/fF54rDCkSx
Se√±ora tu abuela;18:14;12/11/2019;RT @javierpanza: Ley de pasaje gratuito para personas ciegas y un acompa√±ante est√° vigente. Hoy, reciben su tarjeta para el billetaje elect‚Ä¶
Silvia Cardozo;17:45;12/11/2019;RT @PedroDBritos: Hoy es un d√≠a muy especial para el Sistema de Billetaje Electr√≥nico! Iniciamos el censo a los Discapacitados no videntes‚Ä¶
sole caballero;20:38;12/11/2019;RT @javierpanza: Ley de pasaje gratuito para personas ciegas y un acompa√±ante est√° vigente. Hoy, reciben su tarjeta para el billetaje elect‚Ä¶
Targaryen House üëëüë∏üêâüêâüêâ;13:46;12/11/2019;RT @PedroDBritos: Hoy es un d√≠a muy especial para el Sistema de Billetaje Electr√≥nico! Iniciamos el censo a los Discapacitados no videntes‚Ä¶
Telefuturo;8:17;13/11/2019;RT @TelefuturoInfo: Billetaje electr√≥nico para no videntes. Desde este mes rige pasaje gratuito. #DiaADiaPy en vivo https://t.co/trMHT6h5x‚Ä¶
Telefuturo Informa;10:38;13/11/2019;Billetaje electr√≥nico para no videntes https://t.co/lHdpd9UhS8 #TelefuturoPy
Telefuturo Informa;7:7;13/11/2019;Billetaje electr√≥nico para no videntes. Desde este mes rige pasaje gratuito. #DiaADiaPy en vivo‚Ä¶ https://t.co/Q1366tOAH1
tpestrubot;14:7;12/11/2019;llenando la lista de billetaje electronico 2
tpestrubot;14:7;12/11/2019;llenando la lista de billetaje electronico 1
tpestrubot;14:8;12/11/2019;no entiendo pq sigo haciendo esto billetaje electronico
tpestrubot;14:10;12/11/2019;ahora si llegamos a 100 billetaje electronico
tpestrubot;14:10;12/11/2019;faltan dos nomas billetaje electronico
tpestrubot;14:8;12/11/2019;llenando la lista de billetaje electronico 3
tpestrubot;14:8;12/11/2019;sadfasdfasdfsadfsadf billetaje electronico 5
Yasyüòç;7:8;13/11/2019;RT @TelefuturoInfo: Billetaje electr√≥nico para no videntes. Desde este mes rige pasaje gratuito. #DiaADiaPy en vivo https://t.co/trMHT6h5x‚Ä¶
Yasyüòç;13:23;12/11/2019;RT @PedroDBritos: Hoy es un d√≠a muy especial para el Sistema de Billetaje Electr√≥nico! Iniciamos el censo a los Discapacitados no videntes‚Ä¶
Zulma Myriam Ferreira Servin;7:3;13/11/2019;RT @senadispy: 60 personas se registraron en primer d√≠a de apertura de solicitudes para Billetaje Electr√≥nico para personas con discapacida‚Ä¶
_jorge.alarcon_;22:16;12/11/2019;Hoy me sub√≠ al bondi (no voy a decir que Linea) y el chofer me mira mal pq le mostr√© que voy a pagar con el billeta‚Ä¶ https://t.co/rFXpBPuljA
_jorge.alarcon_;22:18;12/11/2019;Entonces me dice que el Billetaje electronico le va a entorpecer su trabajo y que no es nada agradable, la Vd no en‚Ä¶ https://t.co/blVNeItQO4
‚öúÔ∏èlismabel;18:9;12/11/2019;RT @IPParaguay: Billetaje Electr√≥nico disponible desde hoy para personas con discapacidad visualhttps://t.co/K6TebNZFbG https://t.co/cokL‚Ä¶
ÌååÎùºÍ≥ºÏù¥ ÎåÄÏÇ¨Í¥Ä Embajada del Paraguay en Corea;4:29;13/11/2019;RT @IPParaguay: Billetaje Electr√≥nico disponible desde hoy para personas con discapacidad visualhttps://t.co/K6TebNZFbG https://t.co/cokL‚Ä¶
